Uid,Contact uid,Email
1,1,JerryMiller@ask.com
2,1,JerryM@gmail.com
3,2,RoyRodgers@mail.com
4,3,FrankRobinson@time.com
5,4,RichardHall@zimbio.com
6,5,RossAllen@mlb.com
7,6,JenniferHarman@gmail.com
8,7,WendyRamos@gmail.com
9,8,KellyWade@gmail.com
10,12,JudithRogers@lulu.com
11,13,TerrySimpson@time.com
12,14,JudyHarris@t.co
13,15,AlanFreeman@t.co
14,16,LillianOliver@time.com
15,17,ArthurFisher@lulu.com
16,18,DonaldRamos@gmail.com
17,19,PatriciaOliver@lulu.com
18,20,RachelLane@gmail.com
19,21,HaroldWeaver@time.com
20,22,LouiseStanley@lulu.com
21,23,ShirleyGraham@gmail.com
22,24,GeraldVasquez@gmail.com
23,25,CarolynPerkins@gmail.com
24,26,HelenPeters@intel.com
25,27,RachelHowell@time.com
26,28,MariaWatkins@intel.com
27,29,JeanCastillo@gmail.com
28,30,StephenMedina@gmail.com
29,31,LawrenceGarrett@intel.com
30,32,SharonWatkins@time.com
31,33,PhilipHernandez@adobe.com
32,34,JoyceFuller@adobe.com
33,40,WandaFord@gmail.com
34,41,BenjaminRyan@adobe.com
35,42,ChrisTucker@time.com
36,43,BobbyRamos@gmail.com
37,44,JoanAnderson@parallels.com
38,45,AliceBerry@parallels.com
39,46,JustinReyes@gmail.com
40,47,EvelynBurke@time.com
41,48,GloriaGarrett@parallels.com
42,49,AnnieMitchell@gmail.com
43,50,FrancesGutierrez@lulu.com
44,51,PeterHayes@parallels.com
45,52,AnneRay@yandex.ru
46,53,GeorgeMendoza@yandex.ru
47,54,CynthiaWest@time.com
48,55,HenryLawrence@yandex.ru
49,56,JanetWright@samsung.com
50,57,WillieChavez@gmail.com
51,58,AngelaJames@samsung.com
52,59,AshleyStone@time.com
53,60,BillyHansen@samsung.com
54,61,AdamSanders@answers.com
55,62,RussellHoward@answers.com
56,63,CraigBishop@answers.com
57,64,TeresaRamos@gmail.com
58,65,SamuelGray@time.com
59,66,JamesWatson@gmail.com
60,67,RichardSchmidt@t.co
61,68,DonaldCooper@t.co
62,69,SusanHawkins@gmail.com
63,37,ArthurCook@gmail.com
64,10,JoseBurton@time.com
65,35,RuthBarnes@gmail.com
66,39,KathyPerez@t.co
67,70,RoseSchmidt@t.co
68,71,DorothyThompson@gmail.com
69,72,StephanieRomero@time.com
70,73,MariaParker@t.co
71,74,DorisMiller@time.com
72,75,VirginiaGibson@t.co
73,76,WandaCarpenter@t.co
74,77,NicoleCollins@gmail.com
75,78,WandaMartinez@gmail.com
76,79,SharonAustin@gmail.com
77,80,KellyHamilton@gmail.com
78,81,KellyStanley@gmail.com
79,82,TeresaHansen@sm.com
80,83,MelissaWest@sm.com
81,84,DorothyCunningham@sm.com
82,85,DorisBurns@sm.com
83,86,AnnHenry@sm.com
84,87,LoriWatkins@yandex.ru
85,88,CatherineParker@yandex.ru
86,89,MarthaGonzalez@yandex.ru
87,90,DorothyHarris@parallels.com
88,91,ChristineEdwards@parallels.com
89,92,SusanMorales@ll.com
90,93,SaraFernandez@ll.com
91,94,AnnieAlexander@t.co
92,95,PatriciaYoung@t.co
93,96,LouiseSpencer@t.co
94,97,MelissaWhite@t.co
95,98,AndreaHansen@t.co
96,99,CarolynJackson@sm.com
97,100,CarolClark@sm.com
98,101,PaulMartin@gmail.com
99,102,ArthurRuiz@time.com
100,103,AnthonyCrawford@gmail.com
101,104,ClarencePatterson@gmail.com
102,105,StevenKelley@time.com
103,106,PaulMoreno@gmail.com
104,107,MartinKnight@time.com
105,108,AaronNguyen@gmail.com
106,109,LarryBurke@time.com
107,110,RonaldKing@gmail.com
108,111,AdamDavis@time.com
109,112,LouisWelch@gmail.com
110,113,JohnnyGriffin@gmail.com
111,114,PaulFord@sm.com
112,115,DennisNguyen@sm.com
113,116,NicholasKing@sm.com
114,117,FrankRobertson@sm.com
115,118,JustinRoss@gmail.com
116,119,WalterReyes@gmail.com
117,120,DennisKennedy@gmail.com
118,121,DonaldMyers@sm.com
119,122,PeterWallace@gmail.com
120,123,LawrenceGreene@sm.com
121,124,StevenPeterson@gmail.com
122,125,GeraldWillis@gmail.com
123,126,PeterMorrison@gmail.com
124,127,CarlosSmith@t.com
125,128,BillyMorris@gmail.com
126,129,SamuelRamos@gmail.com
127,130,PaulSnyder@t.com
128,131,ScottLopez@t.com
129,132,HenryLawson@gmail.com
130,133,HowardRay@t.com
131,134,TerryJohnston@t.com
132,135,JustinStevens@t.com
133,136,SamMoody@gmail.com
134,137,Tom Stephens@gmail.com
135,138,ChristopherWatts@gmail.com
136,139,AndyMckenzie@gmail.com
137,140,Miguel Miller@gmail.com
138,141,ClaytonAdams@gmail.com
139,142,Bennie Cortez@gmail.com
140,143,ShermanAlvarado@gmail.com
141,144,CoryZimmerman@gmail.com
142,145,MelvinKeller@gmail.com
143,146,LeroyJoseph@gmail.com
144,147,RandalLittle@gmail.com
145,148,LynnSwanson@gmail.com
146,149,TerryHarvey@gmail.com
147,150,EmanuelLopez@gmail.com
148,151,JorgePowell@gmail.com
149,152,JanetHoffman@gmail.com
150,153,FrankieBeck@gmail.com
151,154,Cecil White@gmail.com
152,155,IvanBarton@gmail.com
153,156,RudolphMclaughlin@gmail.com
154,157,BryanDelgado@gmail.com
155,158,ColinWoods@gmail.com
156,159,GordonMoran@gmail.com
157,160,ArnoldCaldwell@gmail.com
158,161,RoderickStrickland@gmail.com
159,162,JonFloyd@gmail.com
160,163,JamesMoreno@gmail.com
161,164,CamilleGutierrez@gmail.com
162,165,AlisonWhite@gmail.com
163,166,GwendolynHowell@gmail.com
164,167,KristenRiley@gmail.com
165,168,SusiePerry@gmail.com
166,169,MelanieWilliamson@gmail.com
167,170,PaulineWatkins@gmail.com
168,171,AngieMccarthy@gmail.com
169,172,AmberGibbs@gmail.com
170,173,KelleyBrewer@gmail.com
171,174,RobertaGriffin@gmail.com
172,175,LynetteFernandez@gmail.com
173,176,AliceLove@gmail.com
174,177,HattieAndrews@gmail.com
175,178,LeighWarner@gmail.com
176,179,LoisSilva@gmail.com
177,180,EstelleValdez@gmail.com
178,181,JaimeKennedy@gmail.com
179,182,ViolaMccoy@gmail.com
180,183,ShannonPena@gmail.com
181,184,MarthaJimenez@gmail.com
182,185,MarieErickson@gmail.com
183,186,AnneCastro@gmail.com
184,187,PearlTerry@gmail.com
185,188,ElizabethKelley@gmail.com
186,189,JuanitaRobinson@gmail.com
