Uid,Organization uid,Name,User uid
1,1,Jerry Miller,main
2,1,Roy Rodgers,main
3,1,Frank Robinson,main
4,1,Jennifer Ramos,main
5,1,Cheryl White,main
6,1,Karen Rogers,main
7,1,Terry Simpson,main
8,1,Alan Freeman,1001
9,1,Arthur Fisher,1001
10,1,Patricia Lane,1001
11,1,Harold Weaver,1001
12,1,Shirley Graham,2001
13,1,Carolyn Perkins,2001
14,1,Rachel Howell,2001
15,1,Jean Castillo,1
16,1,Lawrence Garrett,2
17,1,Philip Hernandez,3
18,1,Ruth Barnes,4
19,1,Arthur Cook,5
20,1,Kathy Perez,6
21,1,Wanda Ford,11
22,1,Benjamin Ryan,12
23,1,Chris Tucker,13
24,1,Bobby Ramos,12
25,1,Joan Anderson,13
26,1,Alice Berry,15
27,1,Justin Reyes,16
28,1,Evelyn Burke,17
29,1,Gloria Garrett,18
30,1,Annie Mitchell,19
31,1,Frances Gutierrez,20
32,1,Peter Hayes,25
33,1,Anne Ray,26
34,1,George Mendoza,27
35,1,Cynthia West,28
36,1,Henry Lawrence,29
37,1,Janet Wright,30
38,1,Willie Chavez,31
39,1,Angela James,32
40,1,Ashley Stone,33
41,1,Billy Hansen,main
42,1,Adam Sanders,main
43,1,Russell Howard,36
44,1,Craig Bishop,37
45,1,Teresa Ramos,38
46,1,Samuel Gray,39
47,1,James Watson,40
48,1,Richard Schmidt,48
49,1,Donald Cooper,49
50,1,Susan Hawkins,50
